split,cohort,model,c_index
1,TCGA_test,M2EFM_Molecular,0.656633221850613
1,TCGA_test,M2EFM_ExpClin,0.772798216276477
1,TCGA_test,Clinical,0.794871794871795
1,Kao,M2EFM_Molecular,0.690425380566226
1,Kao,M2EFM_ExpClin,0.70920472328923
1,Kao,Clinical,0.622871911604306
1,Terunuma,M2EFM_Molecular,0.605794556628622
1,Terunuma,M2EFM_ExpClin,0.690079016681299
1,Terunuma,Clinical,0.665496049165935
2,TCGA_test,M2EFM_Molecular,0.661415525114155
2,TCGA_test,M2EFM_ExpClin,0.739269406392694
2,TCGA_test,Clinical,0.781735159817352
2,Kao,M2EFM_Molecular,0.669606866789965
2,Kao,M2EFM_ExpClin,0.70095319391094
2,Kao,Clinical,0.62353582776118
2,Terunuma,M2EFM_Molecular,0.582967515364355
2,Terunuma,M2EFM_ExpClin,0.64793678665496
2,Terunuma,Clinical,0.655838454784899
3,TCGA_test,M2EFM_Molecular,0.637615714608264
3,TCGA_test,M2EFM_ExpClin,0.706254233461278
3,TCGA_test,Clinical,0.71562429442312
3,Kao,M2EFM_Molecular,0.698107838952909
3,Kao,M2EFM_ExpClin,0.710579978185612
3,Kao,Clinical,0.616991511357709
3,Terunuma,M2EFM_Molecular,0.653204565408253
3,Terunuma,M2EFM_ExpClin,0.683933274802458
3,Terunuma,Clinical,0.652326602282704
4,TCGA_test,M2EFM_Molecular,0.67479674796748
4,TCGA_test,M2EFM_ExpClin,0.792566782810685
4,TCGA_test,Clinical,0.798141695702671
4,Kao,M2EFM_Molecular,0.70427277469531
4,Kao,M2EFM_ExpClin,0.717266562336985
4,Kao,Clinical,0.601531749419073
4,Terunuma,M2EFM_Molecular,0.675153643546971
4,Terunuma,M2EFM_ExpClin,0.705882352941176
4,Terunuma,Clinical,0.659350307287094
5,TCGA_test,M2EFM_Molecular,0.755681818181818
5,TCGA_test,M2EFM_ExpClin,0.810227272727273
5,TCGA_test,Clinical,0.760653409090909
5,Kao,M2EFM_Molecular,0.697633613126571
5,Kao,M2EFM_ExpClin,0.704320197277944
5,Kao,Clinical,0.626760563380282
5,Terunuma,M2EFM_Molecular,0.637401229148376
5,Terunuma,M2EFM_ExpClin,0.688323090430202
5,Terunuma,Clinical,0.66198419666374
6,TCGA_test,M2EFM_Molecular,0.640637665495812
6,TCGA_test,M2EFM_ExpClin,0.716563091056471
6,TCGA_test,Clinical,0.71251013239665
6,Kao,M2EFM_Molecular,0.69085218380993
6,Kao,M2EFM_ExpClin,0.710010907194006
6,Kao,Clinical,0.631929624887371
6,Terunuma,M2EFM_Molecular,0.62071992976295
6,Terunuma,M2EFM_ExpClin,0.680421422300263
6,Terunuma,Clinical,0.66198419666374
7,TCGA_test,M2EFM_Molecular,0.667122752150117
7,TCGA_test,M2EFM_ExpClin,0.73494917904613
7,TCGA_test,Clinical,0.744233776387803
7,Kao,M2EFM_Molecular,0.703229477877365
7,Kao,M2EFM_ExpClin,0.722815004505145
7,Kao,Clinical,0.632451273296344
7,Terunuma,M2EFM_Molecular,0.635645302897278
7,Terunuma,M2EFM_ExpClin,0.691834942932397
7,Terunuma,Clinical,0.65496049165935
8,TCGA_test,M2EFM_Molecular,0.697520661157025
8,TCGA_test,M2EFM_ExpClin,0.775619834710744
8,TCGA_test,Clinical,0.769318181818182
8,Kao,M2EFM_Molecular,0.678474889742495
8,Kao,M2EFM_ExpClin,0.707070707070707
8,Kao,Clinical,0.614762649973918
8,Terunuma,M2EFM_Molecular,0.665496049165935
8,Terunuma,M2EFM_ExpClin,0.699736611062335
8,Terunuma,Clinical,0.662862159789289
9,TCGA_test,M2EFM_Molecular,0.67797996319771
9,TCGA_test,M2EFM_ExpClin,0.7452463708853
9,TCGA_test,Clinical,0.812206092823553
9,Kao,M2EFM_Molecular,0.666429553753497
9,Kao,M2EFM_ExpClin,0.714041826717883
9,Kao,Clinical,0.631360553895765
9,Terunuma,M2EFM_Molecular,0.571553994732221
9,Terunuma,M2EFM_ExpClin,0.680421422300263
9,Terunuma,Clinical,0.659350307287094
10,TCGA_test,M2EFM_Molecular,0.615455381784729
10,TCGA_test,M2EFM_ExpClin,0.71343146274149
10,TCGA_test,Clinical,0.761039558417663
10,Kao,M2EFM_Molecular,0.703940816616873
10,Kao,M2EFM_ExpClin,0.716934604258548
10,Kao,Clinical,0.636861573481292
10,Terunuma,M2EFM_Molecular,0.612818261633011
10,Terunuma,M2EFM_ExpClin,0.69622475856014
10,Terunuma,Clinical,0.658472344161545
11,TCGA_test,M2EFM_Molecular,0.809059516554946
11,TCGA_test,M2EFM_ExpClin,0.828559821247207
11,TCGA_test,Clinical,0.737659963436929
11,Kao,M2EFM_Molecular,0.696305780812823
11,Kao,M2EFM_ExpClin,0.696922274387063
11,Kao,Clinical,0.605989472186655
11,Terunuma,M2EFM_Molecular,0.638279192273925
11,Terunuma,M2EFM_ExpClin,0.701492537313433
11,Terunuma,Clinical,0.66198419666374
12,TCGA_test,M2EFM_Molecular,0.634250290585045
12,TCGA_test,M2EFM_ExpClin,0.743510267338241
12,TCGA_test,Clinical,0.757845796203022
12,Kao,M2EFM_Molecular,0.690377957983592
12,Kao,M2EFM_ExpClin,0.722767581922511
12,Kao,Clinical,0.638094560629772
12,Terunuma,M2EFM_Molecular,0.617208077260755
12,Terunuma,M2EFM_ExpClin,0.678665496049166
12,Terunuma,Clinical,0.659350307287094
13,TCGA_test,M2EFM_Molecular,0.713343108504399
13,TCGA_test,M2EFM_ExpClin,0.805718475073314
13,TCGA_test,Clinical,0.737536656891496
13,Kao,M2EFM_Molecular,0.699672784179827
13,Kao,M2EFM_ExpClin,0.695831554986485
13,Kao,Clinical,0.565585431782615
13,Terunuma,M2EFM_Molecular,0.640035118525022
13,Terunuma,M2EFM_ExpClin,0.687445127304653
13,Terunuma,Clinical,0.653204565408253
14,TCGA_test,M2EFM_Molecular,0.700181708055724
14,TCGA_test,M2EFM_ExpClin,0.733091055925702
14,TCGA_test,Clinical,0.72814455885322
14,Kao,M2EFM_Molecular,0.701237729406744
14,Kao,M2EFM_ExpClin,0.701949068146251
14,Kao,Clinical,0.620880163133684
14,Terunuma,M2EFM_Molecular,0.672519754170325
14,Terunuma,M2EFM_ExpClin,0.697980684811238
14,Terunuma,Clinical,0.665496049165935
15,TCGA_test,M2EFM_Molecular,0.696799813127774
15,TCGA_test,M2EFM_ExpClin,0.727867320719458
15,TCGA_test,Clinical,0.661644475589815
15,Kao,M2EFM_Molecular,0.683264570588514
15,Kao,M2EFM_ExpClin,0.688243941765069
15,Kao,Clinical,0.614715227391284
15,Terunuma,M2EFM_Molecular,0.609306409130817
15,Terunuma,M2EFM_ExpClin,0.678665496049166
15,Terunuma,Clinical,0.662862159789289
16,TCGA_test,M2EFM_Molecular,0.618350204609089
16,TCGA_test,M2EFM_ExpClin,0.736161964247254
16,TCGA_test,Clinical,0.744561705793668
16,Kao,M2EFM_Molecular,0.695167638829611
16,Kao,M2EFM_ExpClin,0.705268648930621
16,Kao,Clinical,0.598212168634704
16,Terunuma,M2EFM_Molecular,0.661106233538192
16,Terunuma,M2EFM_ExpClin,0.684811237928007
16,Terunuma,Clinical,0.659350307287094
17,TCGA_test,M2EFM_Molecular,0.815485019282112
17,TCGA_test,M2EFM_ExpClin,0.832987244141205
17,TCGA_test,Clinical,0.798427766241471
17,Kao,M2EFM_Molecular,0.683881064162754
17,Kao,M2EFM_ExpClin,0.688101674017167
17,Kao,Clinical,0.613671930573339
17,Terunuma,M2EFM_Molecular,0.637401229148376
17,Terunuma,M2EFM_ExpClin,0.680421422300263
17,Terunuma,Clinical,0.662862159789289
18,TCGA_test,M2EFM_Molecular,0.716510903426791
18,TCGA_test,M2EFM_ExpClin,0.782554517133956
18,TCGA_test,Clinical,0.71318795430945
18,Kao,M2EFM_Molecular,0.689144970835112
18,Kao,M2EFM_ExpClin,0.696353203395457
18,Kao,Clinical,0.603144117228624
18,Terunuma,M2EFM_Molecular,0.605794556628622
18,Terunuma,M2EFM_ExpClin,0.671641791044776
18,Terunuma,Clinical,0.660228270412643
19,TCGA_test,M2EFM_Molecular,0.747490519741245
19,TCGA_test,M2EFM_ExpClin,0.833370510818648
19,TCGA_test,Clinical,0.823109524871738
19,Kao,M2EFM_Molecular,0.686584151372884
19,Kao,M2EFM_ExpClin,0.706027410252762
19,Kao,Clinical,0.618935837245696
19,Terunuma,M2EFM_Molecular,0.638279192273925
19,Terunuma,M2EFM_ExpClin,0.704126426690079
19,Terunuma,Clinical,0.665496049165935
20,TCGA_test,M2EFM_Molecular,0.759641873278237
20,TCGA_test,M2EFM_ExpClin,0.799127640036731
20,TCGA_test,Clinical,0.763200183654729
20,Kao,M2EFM_Molecular,0.692417129036847
20,Kao,M2EFM_ExpClin,0.695878977569119
20,Kao,Clinical,0.588964765021103
20,Terunuma,M2EFM_Molecular,0.676909569798069
20,Terunuma,M2EFM_ExpClin,0.686567164179104
20,Terunuma,Clinical,0.656716417910448
21,TCGA_test,M2EFM_Molecular,0.634920634920635
21,TCGA_test,M2EFM_ExpClin,0.717280622941
21,TCGA_test,Clinical,0.76115603474094
21,Kao,M2EFM_Molecular,0.698155261535543
21,Kao,M2EFM_ExpClin,0.721012946365059
21,Kao,Clinical,0.642362593066818
21,Terunuma,M2EFM_Molecular,0.616330114135206
21,Terunuma,M2EFM_ExpClin,0.700614574187884
21,Terunuma,Clinical,0.662862159789289
22,TCGA_test,M2EFM_Molecular,0.692093885114268
22,TCGA_test,M2EFM_ExpClin,0.792773316862261
22,TCGA_test,Clinical,0.777177269919704
22,Kao,M2EFM_Molecular,0.691658367714706
22,Kao,M2EFM_ExpClin,0.712334613743064
22,Kao,Clinical,0.640181154265661
22,Terunuma,M2EFM_Molecular,0.655838454784899
22,Terunuma,M2EFM_ExpClin,0.697102721685689
22,Terunuma,Clinical,0.659350307287094
23,TCGA_test,M2EFM_Molecular,0.662906258393769
23,TCGA_test,M2EFM_ExpClin,0.71286596830513
23,TCGA_test,Clinical,0.738651625033575
23,Kao,M2EFM_Molecular,0.696258358230189
23,Kao,M2EFM_ExpClin,0.728695404751743
23,Kao,Clinical,0.64188836724048
23,Terunuma,M2EFM_Molecular,0.643546971027217
23,Terunuma,M2EFM_ExpClin,0.68305531167691
23,Terunuma,Clinical,0.662862159789289
24,TCGA_test,M2EFM_Molecular,0.585667944559127
24,TCGA_test,M2EFM_ExpClin,0.720731347685049
24,TCGA_test,Clinical,0.796962547920967
24,Kao,M2EFM_Molecular,0.696305780812823
24,Kao,M2EFM_ExpClin,0.726845924029023
24,Kao,Clinical,0.635201783089107
24,Terunuma,M2EFM_Molecular,0.648814749780509
24,Terunuma,M2EFM_ExpClin,0.68305531167691
24,Terunuma,Clinical,0.656716417910448
25,TCGA_test,M2EFM_Molecular,0.627398081534772
25,TCGA_test,M2EFM_ExpClin,0.744904076738609
25,TCGA_test,Clinical,0.72886690647482
25,Kao,M2EFM_Molecular,0.709346991037132
25,Kao,M2EFM_ExpClin,0.717835633328591
25,Kao,Clinical,0.617608004931949
25,Terunuma,M2EFM_Molecular,0.633889376646181
25,Terunuma,M2EFM_ExpClin,0.680421422300263
25,Terunuma,Clinical,0.665496049165935
26,TCGA_test,M2EFM_Molecular,0.739105504587156
26,TCGA_test,M2EFM_ExpClin,0.787270642201835
26,TCGA_test,Clinical,0.758314220183486
26,Kao,M2EFM_Molecular,0.684639825484896
26,Kao,M2EFM_ExpClin,0.698629487361882
26,Kao,Clinical,0.604377104377104
26,Terunuma,M2EFM_Molecular,0.645302897278314
26,Terunuma,M2EFM_ExpClin,0.673397717295874
26,Terunuma,Clinical,0.659350307287094
27,TCGA_test,M2EFM_Molecular,0.792933036817396
27,TCGA_test,M2EFM_ExpClin,0.85470719051149
27,TCGA_test,Clinical,0.768717568569311
27,Kao,M2EFM_Molecular,0.69170579029734
27,Kao,M2EFM_ExpClin,0.705553184426424
27,Kao,Clinical,0.621970882534263
27,Terunuma,M2EFM_Molecular,0.639157155399473
27,Terunuma,M2EFM_ExpClin,0.687445127304653
27,Terunuma,Clinical,0.665496049165935
28,TCGA_test,M2EFM_Molecular,0.682954545454546
28,TCGA_test,M2EFM_ExpClin,0.717234848484849
28,TCGA_test,Clinical,0.679545454545455
28,Kao,M2EFM_Molecular,0.692417129036847
28,Kao,M2EFM_ExpClin,0.692701664532651
28,Kao,Clinical,0.585502916488832
28,Terunuma,M2EFM_Molecular,0.615452151009658
28,Terunuma,M2EFM_ExpClin,0.677787532923617
28,Terunuma,Clinical,0.655838454784899
29,TCGA_test,M2EFM_Molecular,0.718225419664269
29,TCGA_test,M2EFM_ExpClin,0.802158273381295
29,TCGA_test,Clinical,0.780075939248601
29,Kao,M2EFM_Molecular,0.687674870773462
29,Kao,M2EFM_ExpClin,0.714278939631052
29,Kao,Clinical,0.605325556029781
29,Terunuma,M2EFM_Molecular,0.71027216856892
29,Terunuma,M2EFM_ExpClin,0.694468832309043
29,Terunuma,Clinical,0.662862159789289
30,TCGA_test,M2EFM_Molecular,0.624824026278742
30,TCGA_test,M2EFM_ExpClin,0.713749413420929
30,TCGA_test,Clinical,0.682191459408728
30,Kao,M2EFM_Molecular,0.700194432588799
30,Kao,M2EFM_ExpClin,0.70180680039835
30,Kao,Clinical,0.579006022667995
30,Terunuma,M2EFM_Molecular,0.653204565408253
30,Terunuma,M2EFM_ExpClin,0.692712906057946
30,Terunuma,Clinical,0.655838454784899
31,TCGA_test,M2EFM_Molecular,0.666437886067262
31,TCGA_test,M2EFM_ExpClin,0.724090597117364
31,TCGA_test,Clinical,0.747311827956989
31,Kao,M2EFM_Molecular,0.711812965334092
31,Kao,M2EFM_ExpClin,0.712619149238868
31,Kao,Clinical,0.608218333570446
31,Terunuma,M2EFM_Molecular,0.632133450395083
31,Terunuma,M2EFM_ExpClin,0.705004389815628
31,Terunuma,Clinical,0.661106233538192
32,TCGA_test,M2EFM_Molecular,0.626285714285714
32,TCGA_test,M2EFM_ExpClin,0.7424
32,TCGA_test,Clinical,0.768457142857143
32,Kao,M2EFM_Molecular,0.686062502963911
32,Kao,M2EFM_ExpClin,0.708398539384455
32,Kao,Clinical,0.613814198321241
32,Terunuma,M2EFM_Molecular,0.609306409130817
32,Terunuma,M2EFM_ExpClin,0.676909569798069
32,Terunuma,Clinical,0.665496049165935
33,TCGA_test,M2EFM_Molecular,0.78744769874477
33,TCGA_test,M2EFM_ExpClin,0.788005578800558
33,TCGA_test,Clinical,0.666666666666667
33,Kao,M2EFM_Molecular,0.698439797031346
33,Kao,M2EFM_ExpClin,0.698629487361882
33,Kao,Clinical,0.618461611419358
33,Terunuma,M2EFM_Molecular,0.659350307287094
33,Terunuma,M2EFM_ExpClin,0.692712906057946
33,Terunuma,Clinical,0.665496049165935
34,TCGA_test,M2EFM_Molecular,0.611671315168419
34,TCGA_test,M2EFM_ExpClin,0.712937137953229
34,TCGA_test,Clinical,0.750160909676035
34,Kao,M2EFM_Molecular,0.649262578840044
34,Kao,M2EFM_ExpClin,0.687295490112392
34,Kao,Clinical,0.626191492388676
34,Terunuma,M2EFM_Molecular,0.638279192273925
34,Terunuma,M2EFM_ExpClin,0.679543459174715
34,Terunuma,Clinical,0.657594381035997
35,TCGA_test,M2EFM_Molecular,0.756053111168966
35,TCGA_test,M2EFM_ExpClin,0.772715438687842
35,TCGA_test,Clinical,0.714267117938037
35,Kao,M2EFM_Molecular,0.701095461658842
35,Kao,M2EFM_ExpClin,0.741878882723953
35,Kao,Clinical,0.65777493242282
35,Terunuma,M2EFM_Molecular,0.645302897278314
35,Terunuma,M2EFM_ExpClin,0.695346795434592
35,Terunuma,Clinical,0.658472344161545
36,TCGA_test,M2EFM_Molecular,0.709394205443371
36,TCGA_test,M2EFM_ExpClin,0.829089844893181
36,TCGA_test,Clinical,0.829528826455956
36,Kao,M2EFM_Molecular,0.698439797031346
36,Kao,M2EFM_ExpClin,0.705600607009058
36,Kao,Clinical,0.621022430881586
36,Terunuma,M2EFM_Molecular,0.63476733977173
36,Terunuma,M2EFM_ExpClin,0.695346795434592
36,Terunuma,Clinical,0.665496049165935
37,TCGA_test,M2EFM_Molecular,0.695935924058143
37,TCGA_test,M2EFM_ExpClin,0.742212993177099
37,TCGA_test,Clinical,0.746959359240582
37,Kao,M2EFM_Molecular,0.685967657798644
37,Kao,M2EFM_ExpClin,0.698344951866079
37,Kao,Clinical,0.608170910987812
37,Terunuma,M2EFM_Molecular,0.637401229148376
37,Terunuma,M2EFM_ExpClin,0.697102721685689
37,Terunuma,Clinical,0.660228270412643
38,TCGA_test,M2EFM_Molecular,0.657225994180407
38,TCGA_test,M2EFM_ExpClin,0.71290009699321
38,TCGA_test,Clinical,0.695150339476237
38,Kao,M2EFM_Molecular,0.688433632095604
38,Kao,M2EFM_ExpClin,0.689571774078816
38,Kao,Clinical,0.610684307867406
38,Terunuma,M2EFM_Molecular,0.608428446005268
38,Terunuma,M2EFM_ExpClin,0.678665496049166
38,Terunuma,Clinical,0.662862159789289
39,TCGA_test,M2EFM_Molecular,0.59529702970297
39,TCGA_test,M2EFM_ExpClin,0.740408415841584
39,TCGA_test,Clinical,0.818997524752475
39,Kao,M2EFM_Molecular,0.691942903210509
39,Kao,M2EFM_ExpClin,0.707876890975483
39,Kao,Clinical,0.642078057571015
39,Terunuma,M2EFM_Molecular,0.623353819139596
39,Terunuma,M2EFM_ExpClin,0.699736611062335
39,Terunuma,Clinical,0.66198419666374
40,TCGA_test,M2EFM_Molecular,0.77831715210356
40,TCGA_test,M2EFM_ExpClin,0.800970873786408
40,TCGA_test,Clinical,0.711165048543689
40,Kao,M2EFM_Molecular,0.707544932897046
40,Kao,M2EFM_ExpClin,0.719495423720776
40,Kao,Clinical,0.622682221273771
40,Terunuma,M2EFM_Molecular,0.632133450395083
40,Terunuma,M2EFM_ExpClin,0.705004389815628
40,Terunuma,Clinical,0.665496049165935
41,TCGA_test,M2EFM_Molecular,0.562975285171103
41,TCGA_test,M2EFM_ExpClin,0.688688212927757
41,TCGA_test,Clinical,0.704372623574145
41,Kao,M2EFM_Molecular,0.67951818656044
41,Kao,M2EFM_ExpClin,0.69540475174278
41,Kao,Clinical,0.622871911604306
41,Terunuma,M2EFM_Molecular,0.609306409130817
41,Terunuma,M2EFM_ExpClin,0.68305531167691
41,Terunuma,Clinical,0.664618086040386
42,TCGA_test,M2EFM_Molecular,0.645439260193359
42,TCGA_test,M2EFM_ExpClin,0.706809583858764
42,TCGA_test,Clinical,0.730348886086591
42,Kao,M2EFM_Molecular,0.695547019490681
42,Kao,M2EFM_ExpClin,0.730639730639731
42,Kao,Clinical,0.636055389576516
42,Terunuma,M2EFM_Molecular,0.662862159789289
42,Terunuma,M2EFM_ExpClin,0.692712906057946
42,Terunuma,Clinical,0.662862159789289
43,TCGA_test,M2EFM_Molecular,0.754656390494541
43,TCGA_test,M2EFM_ExpClin,0.810961250267609
43,TCGA_test,Clinical,0.741061871119675
43,Kao,M2EFM_Molecular,0.699245980936122
43,Kao,M2EFM_ExpClin,0.697681035709205
43,Kao,Clinical,0.585692606819367
43,Terunuma,M2EFM_Molecular,0.643546971027217
43,Terunuma,M2EFM_ExpClin,0.695346795434592
43,Terunuma,Clinical,0.656716417910448
44,TCGA_test,M2EFM_Molecular,0.676283748014823
44,TCGA_test,M2EFM_ExpClin,0.773689782953944
44,TCGA_test,Clinical,0.74708840656432
44,Kao,M2EFM_Molecular,0.690994451557832
44,Kao,M2EFM_ExpClin,0.722151088348272
44,Kao,Clinical,0.640228576848295
44,Terunuma,M2EFM_Molecular,0.656716417910448
44,Terunuma,M2EFM_ExpClin,0.705882352941176
44,Terunuma,Clinical,0.659350307287094
45,TCGA_test,M2EFM_Molecular,0.676520750426379
45,TCGA_test,M2EFM_ExpClin,0.771461057418988
45,TCGA_test,Clinical,0.77927799886299
45,Kao,M2EFM_Molecular,0.698344951866079
45,Kao,M2EFM_ExpClin,0.717124294589083
45,Kao,Clinical,0.629605918338313
45,Terunuma,M2EFM_Molecular,0.673397717295874
45,Terunuma,M2EFM_ExpClin,0.712028094820018
45,Terunuma,Clinical,0.659350307287094
46,TCGA_test,M2EFM_Molecular,0.665526090675791
46,TCGA_test,M2EFM_ExpClin,0.761548331907613
46,TCGA_test,Clinical,0.779191616766467
46,Kao,M2EFM_Molecular,0.683311993171148
46,Kao,M2EFM_ExpClin,0.694645990420638
46,Kao,Clinical,0.648432683643951
46,Terunuma,M2EFM_Molecular,0.603160667251975
46,Terunuma,M2EFM_ExpClin,0.691834942932397
46,Terunuma,Clinical,0.664618086040386
47,TCGA_test,M2EFM_Molecular,0.668029644773831
47,TCGA_test,M2EFM_ExpClin,0.779964221824687
47,TCGA_test,Clinical,0.78060311781242
47,Kao,M2EFM_Molecular,0.687817138521364
47,Kao,M2EFM_ExpClin,0.706406790913833
47,Kao,Clinical,0.611822449850619
47,Terunuma,M2EFM_Molecular,0.633011413520632
47,Terunuma,M2EFM_ExpClin,0.681299385425812
47,Terunuma,Clinical,0.663740122914838
48,TCGA_test,M2EFM_Molecular,0.696772443721183
48,TCGA_test,M2EFM_ExpClin,0.760238676430703
48,TCGA_test,Clinical,0.69297531868728
48,Kao,M2EFM_Molecular,0.705600607009058
48,Kao,M2EFM_ExpClin,0.713093375065206
48,Kao,Clinical,0.612913169251197
48,Terunuma,M2EFM_Molecular,0.616330114135206
48,Terunuma,M2EFM_ExpClin,0.687445127304653
48,Terunuma,Clinical,0.66198419666374
49,TCGA_test,M2EFM_Molecular,0.71407249466951
49,TCGA_test,M2EFM_ExpClin,0.823454157782516
49,TCGA_test,Clinical,0.837100213219616
49,Kao,M2EFM_Molecular,0.695973822734386
49,Kao,M2EFM_ExpClin,0.723573765827287
49,Kao,Clinical,0.647484231991274
49,Terunuma,M2EFM_Molecular,0.655838454784899
49,Terunuma,M2EFM_ExpClin,0.701492537313433
49,Terunuma,Clinical,0.664618086040386
50,TCGA_test,M2EFM_Molecular,0.658644711842939
50,TCGA_test,M2EFM_ExpClin,0.773907536415453
50,TCGA_test,Clinical,0.777707409753008
50,Kao,M2EFM_Molecular,0.687248067529758
50,Kao,M2EFM_ExpClin,0.704415042443211
50,Kao,Clinical,0.59631526532935
50,Terunuma,M2EFM_Molecular,0.63476733977173
50,Terunuma,M2EFM_ExpClin,0.690079016681299
50,Terunuma,Clinical,0.659350307287094
51,TCGA_test,M2EFM_Molecular,0.680566085418246
51,TCGA_test,M2EFM_ExpClin,0.741470811220622
51,TCGA_test,Clinical,0.751832196108163
51,Kao,M2EFM_Molecular,0.692701664532651
51,Kao,M2EFM_ExpClin,0.707687200644947
51,Kao,Clinical,0.64952340304453
51,Terunuma,M2EFM_Molecular,0.650570676031607
51,Terunuma,M2EFM_ExpClin,0.699736611062335
51,Terunuma,Clinical,0.662862159789289
52,TCGA_test,M2EFM_Molecular,0.643154486586494
52,TCGA_test,M2EFM_ExpClin,0.721322849213691
52,TCGA_test,Clinical,0.740518038852914
52,Kao,M2EFM_Molecular,0.705078958600085
52,Kao,M2EFM_ExpClin,0.72817375634277
52,Kao,Clinical,0.630364679660454
52,Terunuma,M2EFM_Molecular,0.672519754170325
52,Terunuma,M2EFM_ExpClin,0.690079016681299
52,Terunuma,Clinical,0.655838454784899
53,TCGA_test,M2EFM_Molecular,0.686240520043337
53,TCGA_test,M2EFM_ExpClin,0.757746478873239
53,TCGA_test,Clinical,0.723618634886241
53,Kao,M2EFM_Molecular,0.703798548868971
53,Kao,M2EFM_ExpClin,0.712666571821501
53,Kao,Clinical,0.625432731066534
53,Terunuma,M2EFM_Molecular,0.619841966637401
53,Terunuma,M2EFM_ExpClin,0.692712906057946
53,Terunuma,Clinical,0.66198419666374
54,TCGA_test,M2EFM_Molecular,0.642139737991266
54,TCGA_test,M2EFM_ExpClin,0.710698689956332
54,TCGA_test,Clinical,0.708733624454148
54,Kao,M2EFM_Molecular,0.677573860672452
54,Kao,M2EFM_ExpClin,0.695689287238583
54,Kao,Clinical,0.601104946175369
54,Terunuma,M2EFM_Molecular,0.664618086040386
54,Terunuma,M2EFM_ExpClin,0.692712906057946
54,Terunuma,Clinical,0.659350307287094
55,TCGA_test,M2EFM_Molecular,0.642718983144515
55,TCGA_test,M2EFM_ExpClin,0.75656258634982
55,TCGA_test,Clinical,0.768858800773694
55,Kao,M2EFM_Molecular,0.680608905961019
55,Kao,M2EFM_ExpClin,0.723384075496752
55,Kao,Clinical,0.649381135296628
55,Terunuma,M2EFM_Molecular,0.604916593503073
55,Terunuma,M2EFM_ExpClin,0.68305531167691
55,Terunuma,Clinical,0.660228270412643
56,TCGA_test,M2EFM_Molecular,0.635073068893528
56,TCGA_test,M2EFM_ExpClin,0.735073068893528
56,TCGA_test,Clinical,0.761064718162839
56,Kao,M2EFM_Molecular,0.695309906577512
56,Kao,M2EFM_ExpClin,0.702518139137857
56,Kao,Clinical,0.58412766159245
56,Terunuma,M2EFM_Molecular,0.670763827919227
56,Terunuma,M2EFM_ExpClin,0.693590869183494
56,Terunuma,Clinical,0.656716417910448
57,TCGA_test,M2EFM_Molecular,0.665610700457585
57,TCGA_test,M2EFM_ExpClin,0.7419922562478
57,TCGA_test,Clinical,0.74991200281591
57,Kao,M2EFM_Molecular,0.710864513681415
57,Kao,M2EFM_ExpClin,0.731635604875042
57,Kao,Clinical,0.623867785839617
57,Terunuma,M2EFM_Molecular,0.63476733977173
57,Terunuma,M2EFM_ExpClin,0.688323090430202
57,Terunuma,Clinical,0.655838454784899
58,TCGA_test,M2EFM_Molecular,0.599736234751072
58,TCGA_test,M2EFM_ExpClin,0.73821299043851
58,TCGA_test,Clinical,0.824101549620838
58,Kao,M2EFM_Molecular,0.699530516431925
58,Kao,M2EFM_ExpClin,0.718120168824394
58,Kao,Clinical,0.625574998814436
58,Terunuma,M2EFM_Molecular,0.664618086040386
58,Terunuma,M2EFM_ExpClin,0.697102721685689
58,Terunuma,Clinical,0.665496049165935
59,TCGA_test,M2EFM_Molecular,0.729650386976248
59,TCGA_test,M2EFM_ExpClin,0.789698425406992
59,TCGA_test,Clinical,0.770616493194556
59,Kao,M2EFM_Molecular,0.688907857921942
59,Kao,M2EFM_ExpClin,0.709394413619766
59,Kao,Clinical,0.614098733817044
59,Terunuma,M2EFM_Molecular,0.615452151009658
59,Terunuma,M2EFM_ExpClin,0.684811237928007
59,Terunuma,Clinical,0.662862159789289
60,TCGA_test,M2EFM_Molecular,0.639251523063534
60,TCGA_test,M2EFM_ExpClin,0.682550043516101
60,TCGA_test,Clinical,0.688751087902524
60,Kao,M2EFM_Molecular,0.683975909328022
60,Kao,M2EFM_ExpClin,0.718404704320197
60,Kao,Clinical,0.636150234741784
60,Terunuma,M2EFM_Molecular,0.608428446005268
60,Terunuma,M2EFM_ExpClin,0.660228270412643
60,Terunuma,Clinical,0.659350307287094
61,TCGA_test,M2EFM_Molecular,0.694408657562484
61,TCGA_test,M2EFM_ExpClin,0.759082710641587
61,TCGA_test,Clinical,0.741303787683587
61,Kao,M2EFM_Molecular,0.688291364347703
61,Kao,M2EFM_ExpClin,0.700810926163039
61,Kao,Clinical,0.631265708730498
61,Terunuma,M2EFM_Molecular,0.607550482879719
61,Terunuma,M2EFM_ExpClin,0.694468832309043
61,Terunuma,Clinical,0.659350307287094
62,TCGA_test,M2EFM_Molecular,0.682853223593964
62,TCGA_test,M2EFM_ExpClin,0.758847736625515
62,TCGA_test,Clinical,0.732235939643347
62,Kao,M2EFM_Molecular,0.686963532033955
62,Kao,M2EFM_ExpClin,0.725328401384739
62,Kao,Clinical,0.62723478920662
62,Terunuma,M2EFM_Molecular,0.675153643546971
62,Terunuma,M2EFM_ExpClin,0.692712906057946
62,Terunuma,Clinical,0.658472344161545
63,TCGA_test,M2EFM_Molecular,0.734216679657054
63,TCGA_test,M2EFM_ExpClin,0.804624577812419
63,TCGA_test,Clinical,0.790854767472071
63,Kao,M2EFM_Molecular,0.69602124531702
63,Kao,M2EFM_ExpClin,0.723478920662019
63,Kao,Clinical,0.62353582776118
63,Terunuma,M2EFM_Molecular,0.649692712906058
63,Terunuma,M2EFM_ExpClin,0.69622475856014
63,Terunuma,Clinical,0.665496049165935
64,TCGA_test,M2EFM_Molecular,0.624508050089446
64,TCGA_test,M2EFM_ExpClin,0.713595706618962
64,TCGA_test,Clinical,0.749642218246869
64,Kao,M2EFM_Molecular,0.689571774078816
64,Kao,M2EFM_ExpClin,0.711718120168824
64,Kao,Clinical,0.62932138284251
64,Terunuma,M2EFM_Molecular,0.625987708516242
64,Terunuma,M2EFM_ExpClin,0.686567164179104
64,Terunuma,Clinical,0.665496049165935
65,TCGA_test,M2EFM_Molecular,0.669803487406587
65,TCGA_test,M2EFM_ExpClin,0.744256850262939
65,TCGA_test,Clinical,0.782729034043731
65,Kao,M2EFM_Molecular,0.710864513681415
65,Kao,M2EFM_ExpClin,0.712334613743064
65,Kao,Clinical,0.625480153649168
65,Terunuma,M2EFM_Molecular,0.635645302897278
65,Terunuma,M2EFM_ExpClin,0.690079016681299
65,Terunuma,Clinical,0.66198419666374
66,TCGA_test,M2EFM_Molecular,0.698211314475874
66,TCGA_test,M2EFM_ExpClin,0.771006655574043
66,TCGA_test,Clinical,0.744384359400998
66,Kao,M2EFM_Molecular,0.68715322236449
66,Kao,M2EFM_ExpClin,0.707687200644947
66,Kao,Clinical,0.610589462702139
66,Terunuma,M2EFM_Molecular,0.601404741000878
66,Terunuma,M2EFM_ExpClin,0.66900790166813
66,Terunuma,Clinical,0.662862159789289
67,TCGA_test,M2EFM_Molecular,0.659667302972457
67,TCGA_test,M2EFM_ExpClin,0.766293973275157
67,TCGA_test,Clinical,0.695936733024271
67,Kao,M2EFM_Molecular,0.694930525916441
67,Kao,M2EFM_ExpClin,0.688243941765069
67,Kao,Clinical,0.588016313368426
67,Terunuma,M2EFM_Molecular,0.631255487269535
67,Terunuma,M2EFM_ExpClin,0.676909569798069
67,Terunuma,Clinical,0.656716417910448
68,TCGA_test,M2EFM_Molecular,0.675252689925008
68,TCGA_test,M2EFM_ExpClin,0.723508314313662
68,TCGA_test,Clinical,0.711444408216498
68,Kao,M2EFM_Molecular,0.704035661782141
68,Kao,M2EFM_ExpClin,0.692843932280552
68,Kao,Clinical,0.604377104377104
68,Terunuma,M2EFM_Molecular,0.640913081650571
68,Terunuma,M2EFM_ExpClin,0.688323090430202
68,Terunuma,Clinical,0.66198419666374
69,TCGA_test,M2EFM_Molecular,0.728414442700157
69,TCGA_test,M2EFM_ExpClin,0.783882783882784
69,TCGA_test,Clinical,0.762820512820513
69,Kao,M2EFM_Molecular,0.701427419737279
69,Kao,M2EFM_ExpClin,0.732536633945085
69,Kao,Clinical,0.613624507990705
69,Terunuma,M2EFM_Molecular,0.633889376646181
69,Terunuma,M2EFM_ExpClin,0.693590869183494
69,Terunuma,Clinical,0.66198419666374
70,TCGA_test,M2EFM_Molecular,0.710944808231993
70,TCGA_test,M2EFM_ExpClin,0.791393826005613
70,TCGA_test,Clinical,0.791082008107265
70,Kao,M2EFM_Molecular,0.680656328543653
70,Kao,M2EFM_ExpClin,0.697491345378669
70,Kao,Clinical,0.609878123962631
70,Terunuma,M2EFM_Molecular,0.63476733977173
70,Terunuma,M2EFM_ExpClin,0.691834942932397
70,Terunuma,Clinical,0.662862159789289
71,TCGA_test,M2EFM_Molecular,0.599054576708208
71,TCGA_test,M2EFM_ExpClin,0.743876235496347
71,TCGA_test,Clinical,0.77481736140954
71,Kao,M2EFM_Molecular,0.685161473893868
71,Kao,M2EFM_ExpClin,0.697301655048134
71,Kao,Clinical,0.627519324702423
71,Terunuma,M2EFM_Molecular,0.588235294117647
71,Terunuma,M2EFM_ExpClin,0.667251975417033
71,Terunuma,Clinical,0.655838454784899
72,TCGA_test,M2EFM_Molecular,0.685030218503022
72,TCGA_test,M2EFM_ExpClin,0.775220827522083
72,TCGA_test,Clinical,0.759995350999535
72,Kao,M2EFM_Molecular,0.684260444823825
72,Kao,M2EFM_ExpClin,0.701854222980984
72,Kao,Clinical,0.619315217906767
72,Terunuma,M2EFM_Molecular,0.655838454784899
72,Terunuma,M2EFM_ExpClin,0.705882352941176
72,Terunuma,Clinical,0.665496049165935
73,TCGA_test,M2EFM_Molecular,0.641522652965904
73,TCGA_test,M2EFM_ExpClin,0.715787015413358
73,TCGA_test,Clinical,0.758991125642223
73,Kao,M2EFM_Molecular,0.703514013373168
73,Kao,M2EFM_ExpClin,0.738417034191682
73,Kao,Clinical,0.626950253710817
73,Terunuma,M2EFM_Molecular,0.563652326602283
73,Terunuma,M2EFM_ExpClin,0.674275680421422
73,Terunuma,Clinical,0.658472344161545
74,TCGA_test,M2EFM_Molecular,0.660547021356313
74,TCGA_test,M2EFM_ExpClin,0.739977519670289
74,TCGA_test,Clinical,0.785406519295616
74,Kao,M2EFM_Molecular,0.69085218380993
74,Kao,M2EFM_ExpClin,0.718499549485465
74,Kao,Clinical,0.640750225257268
74,Terunuma,M2EFM_Molecular,0.652326602282704
74,Terunuma,M2EFM_ExpClin,0.695346795434592
74,Terunuma,Clinical,0.662862159789289
75,TCGA_test,M2EFM_Molecular,0.664124466137889
75,TCGA_test,M2EFM_ExpClin,0.762050030506407
75,TCGA_test,Clinical,0.739322757779134
75,Kao,M2EFM_Molecular,0.694693413003272
75,Kao,M2EFM_ExpClin,0.713662446056812
75,Kao,Clinical,0.617513159766681
75,Terunuma,M2EFM_Molecular,0.644424934152766
75,Terunuma,M2EFM_ExpClin,0.692712906057946
75,Terunuma,Clinical,0.665496049165935
76,TCGA_test,M2EFM_Molecular,0.584460934089917
76,TCGA_test,M2EFM_ExpClin,0.705587079877783
76,TCGA_test,Clinical,0.713225665648189
76,Kao,M2EFM_Molecular,0.680182102717314
76,Kao,M2EFM_ExpClin,0.678474889742495
76,Kao,Clinical,0.593517332953953
76,Terunuma,M2EFM_Molecular,0.654082528533802
76,Terunuma,M2EFM_ExpClin,0.667251975417033
76,Terunuma,Clinical,0.657594381035997
77,TCGA_test,M2EFM_Molecular,0.631366974650557
77,TCGA_test,M2EFM_ExpClin,0.734660033167496
77,TCGA_test,Clinical,0.736199952617863
77,Kao,M2EFM_Molecular,0.690709916062029
77,Kao,M2EFM_ExpClin,0.704509887608479
77,Kao,Clinical,0.56639161568739
77,Terunuma,M2EFM_Molecular,0.645302897278314
77,Terunuma,M2EFM_ExpClin,0.701492537313433
77,Terunuma,Clinical,0.654082528533802
78,TCGA_test,M2EFM_Molecular,0.757526444263629
78,TCGA_test,M2EFM_ExpClin,0.822620016273393
78,TCGA_test,Clinical,0.806143205858422
78,Kao,M2EFM_Molecular,0.696922274387063
78,Kao,M2EFM_ExpClin,0.72570778204581
78,Kao,Clinical,0.627993550528762
78,Terunuma,M2EFM_Molecular,0.673397717295874
78,Terunuma,M2EFM_ExpClin,0.69622475856014
78,Terunuma,Clinical,0.66198419666374
79,TCGA_test,M2EFM_Molecular,0.692021857923497
79,TCGA_test,M2EFM_ExpClin,0.712349726775956
79,TCGA_test,Clinical,0.711147540983607
79,Kao,M2EFM_Molecular,0.673637786313843
79,Kao,M2EFM_ExpClin,0.69934082610139
79,Kao,Clinical,0.635628586332812
79,Terunuma,M2EFM_Molecular,0.630377524143986
79,Terunuma,M2EFM_ExpClin,0.687445127304653
79,Terunuma,Clinical,0.655838454784899
80,TCGA_test,M2EFM_Molecular,0.71694637740483
80,TCGA_test,M2EFM_ExpClin,0.742120343839542
80,TCGA_test,Clinical,0.714592713876382
80,Kao,M2EFM_Molecular,0.678380044577228
80,Kao,M2EFM_ExpClin,0.710722245933514
80,Kao,Clinical,0.640181154265661
80,Terunuma,M2EFM_Molecular,0.604916593503073
80,Terunuma,M2EFM_ExpClin,0.665496049165935
80,Terunuma,Clinical,0.661106233538192
81,TCGA_test,M2EFM_Molecular,0.638326585695007
81,TCGA_test,M2EFM_ExpClin,0.730769230769231
81,TCGA_test,Clinical,0.754892037786775
81,Kao,M2EFM_Molecular,0.676672831602409
81,Kao,M2EFM_ExpClin,0.690377957983592
81,Kao,Clinical,0.613482240242804
81,Terunuma,M2EFM_Molecular,0.659350307287094
81,Terunuma,M2EFM_ExpClin,0.686567164179104
81,Terunuma,Clinical,0.663740122914838
82,TCGA_test,M2EFM_Molecular,0.717035438028422
82,TCGA_test,M2EFM_ExpClin,0.794387479762547
82,TCGA_test,Clinical,0.799604245367872
82,Kao,M2EFM_Molecular,0.690899606392564
82,Kao,M2EFM_ExpClin,0.726608811115853
82,Kao,Clinical,0.618414188836724
82,Terunuma,M2EFM_Molecular,0.640913081650571
82,Terunuma,M2EFM_ExpClin,0.688323090430202
82,Terunuma,Clinical,0.662862159789289
83,TCGA_test,M2EFM_Molecular,0.608974358974359
83,TCGA_test,M2EFM_ExpClin,0.702307692307692
83,TCGA_test,Clinical,0.768974358974359
83,Kao,M2EFM_Molecular,0.710722245933514
83,Kao,M2EFM_ExpClin,0.692369706454214
83,Kao,Clinical,0.587399819794186
83,Terunuma,M2EFM_Molecular,0.605794556628622
83,Terunuma,M2EFM_ExpClin,0.67603160667252
83,Terunuma,Clinical,0.660228270412643
84,TCGA_test,M2EFM_Molecular,0.676119402985075
84,TCGA_test,M2EFM_ExpClin,0.763113006396589
84,TCGA_test,Clinical,0.718550106609808
84,Kao,M2EFM_Molecular,0.6941717645943
84,Kao,M2EFM_ExpClin,0.693413003272158
84,Kao,Clinical,0.585313226158297
84,Terunuma,M2EFM_Molecular,0.656716417910448
84,Terunuma,M2EFM_ExpClin,0.697102721685689
84,Terunuma,Clinical,0.655838454784899
85,TCGA_test,M2EFM_Molecular,0.682075471698113
85,TCGA_test,M2EFM_ExpClin,0.758018867924528
85,TCGA_test,Clinical,0.74752358490566
85,Kao,M2EFM_Molecular,0.694693413003272
85,Kao,M2EFM_ExpClin,0.711623275003557
85,Kao,Clinical,0.617608004931949
85,Terunuma,M2EFM_Molecular,0.655838454784899
85,Terunuma,M2EFM_ExpClin,0.695346795434592
85,Terunuma,Clinical,0.662862159789289
86,TCGA_test,M2EFM_Molecular,0.694401484689143
86,TCGA_test,M2EFM_ExpClin,0.752861119703062
86,TCGA_test,Clinical,0.726879059696876
86,Kao,M2EFM_Molecular,0.697918148622374
86,Kao,M2EFM_ExpClin,0.718784084981268
86,Kao,Clinical,0.622207995447432
86,Terunuma,M2EFM_Molecular,0.630377524143986
86,Terunuma,M2EFM_ExpClin,0.692712906057946
86,Terunuma,Clinical,0.665496049165935
87,TCGA_test,M2EFM_Molecular,0.565834557023984
87,TCGA_test,M2EFM_ExpClin,0.743024963289281
87,TCGA_test,Clinical,0.801272638277044
87,Kao,M2EFM_Molecular,0.672547066913264
87,Kao,M2EFM_ExpClin,0.68838620951297
87,Kao,Clinical,0.619410063072035
87,Terunuma,M2EFM_Molecular,0.611940298507463
87,Terunuma,M2EFM_ExpClin,0.679543459174715
87,Terunuma,Clinical,0.665496049165935
88,TCGA_test,M2EFM_Molecular,0.678337428337428
88,TCGA_test,M2EFM_ExpClin,0.745085995085995
88,TCGA_test,Clinical,0.697583947583948
88,Kao,M2EFM_Molecular,0.692511974202115
88,Kao,M2EFM_ExpClin,0.682648077014274
88,Kao,Clinical,0.576587470953668
88,Terunuma,M2EFM_Molecular,0.643546971027217
88,Terunuma,M2EFM_ExpClin,0.677787532923617
88,Terunuma,Clinical,0.654082528533802
89,TCGA_test,M2EFM_Molecular,0.677039041360649
89,TCGA_test,M2EFM_ExpClin,0.792230382682644
89,TCGA_test,Clinical,0.7936799381523
89,Kao,M2EFM_Molecular,0.698297529283445
89,Kao,M2EFM_ExpClin,0.715417081614265
89,Kao,Clinical,0.620073979228909
89,Terunuma,M2EFM_Molecular,0.642669007901668
89,Terunuma,M2EFM_ExpClin,0.69622475856014
89,Terunuma,Clinical,0.658472344161545
90,TCGA_test,M2EFM_Molecular,0.702696196437169
90,TCGA_test,M2EFM_ExpClin,0.786711603273953
90,TCGA_test,Clinical,0.730621088107848
90,Kao,M2EFM_Molecular,0.709062455541329
90,Kao,M2EFM_ExpClin,0.708967610376061
90,Kao,Clinical,0.617418314601413
90,Terunuma,M2EFM_Molecular,0.661106233538192
90,Terunuma,M2EFM_ExpClin,0.689201053555751
90,Terunuma,Clinical,0.658472344161545
91,TCGA_test,M2EFM_Molecular,0.692874692874693
91,TCGA_test,M2EFM_ExpClin,0.775675675675676
91,TCGA_test,Clinical,0.792260442260442
91,Kao,M2EFM_Molecular,0.697017119552331
91,Kao,M2EFM_ExpClin,0.712192345995163
91,Kao,Clinical,0.636861573481292
91,Terunuma,M2EFM_Molecular,0.650570676031607
91,Terunuma,M2EFM_ExpClin,0.695346795434592
91,Terunuma,Clinical,0.658472344161545
92,TCGA_test,M2EFM_Molecular,0.676584349895864
92,TCGA_test,M2EFM_ExpClin,0.807200238024397
92,TCGA_test,Clinical,0.835911930972925
92,Kao,M2EFM_Molecular,0.687532603025561
92,Kao,M2EFM_ExpClin,0.695547019490681
92,Kao,Clinical,0.622397685777968
92,Terunuma,M2EFM_Molecular,0.656716417910448
92,Terunuma,M2EFM_ExpClin,0.70324846356453
92,Terunuma,Clinical,0.664618086040386
93,TCGA_test,M2EFM_Molecular,0.657987643424537
93,TCGA_test,M2EFM_ExpClin,0.768755516328332
93,TCGA_test,Clinical,0.747021182700794
93,Kao,M2EFM_Molecular,0.692037748375777
93,Kao,M2EFM_ExpClin,0.709773794280837
93,Kao,Clinical,0.628183240859297
93,Terunuma,M2EFM_Molecular,0.617208077260755
93,Terunuma,M2EFM_ExpClin,0.675153643546971
93,Terunuma,Clinical,0.655838454784899
94,TCGA_test,M2EFM_Molecular,0.650044130626655
94,TCGA_test,M2EFM_ExpClin,0.707413945278023
94,TCGA_test,Clinical,0.686893203883495
94,Kao,M2EFM_Molecular,0.699198558353488
94,Kao,M2EFM_ExpClin,0.710248020107175
94,Kao,Clinical,0.617323469436145
94,Terunuma,M2EFM_Molecular,0.661106233538192
94,Terunuma,M2EFM_ExpClin,0.689201053555751
94,Terunuma,Clinical,0.664618086040386
95,TCGA_test,M2EFM_Molecular,0.732595666205625
95,TCGA_test,M2EFM_ExpClin,0.783540802213001
95,TCGA_test,Clinical,0.73374827109267
95,Kao,M2EFM_Molecular,0.69478825816854
95,Kao,M2EFM_ExpClin,0.71314079764784
95,Kao,Clinical,0.630744060321525
95,Terunuma,M2EFM_Molecular,0.637401229148376
95,Terunuma,M2EFM_ExpClin,0.69622475856014
95,Terunuma,Clinical,0.659350307287094
96,TCGA_test,M2EFM_Molecular,0.645161290322581
96,TCGA_test,M2EFM_ExpClin,0.70733137829912
96,TCGA_test,Clinical,0.687243401759531
96,Kao,M2EFM_Molecular,0.709062455541329
96,Kao,M2EFM_ExpClin,0.711386162090387
96,Kao,Clinical,0.609593588466828
96,Terunuma,M2EFM_Molecular,0.665496049165935
96,Terunuma,M2EFM_ExpClin,0.702370500438982
96,Terunuma,Clinical,0.663740122914838
97,TCGA_test,M2EFM_Molecular,0.681084570690768
97,TCGA_test,M2EFM_ExpClin,0.726275016139445
97,TCGA_test,Clinical,0.658005164622337
97,Kao,M2EFM_Molecular,0.690994451557832
97,Kao,M2EFM_ExpClin,0.708019158723384
97,Kao,Clinical,0.61959975340257
97,Terunuma,M2EFM_Molecular,0.664618086040386
97,Terunuma,M2EFM_ExpClin,0.694468832309043
97,Terunuma,Clinical,0.665496049165935
98,TCGA_test,M2EFM_Molecular,0.705112062452783
98,TCGA_test,M2EFM_ExpClin,0.803575925459582
98,TCGA_test,Clinical,0.82460337446487
98,Kao,M2EFM_Molecular,0.691800635462607
98,Kao,M2EFM_ExpClin,0.711575852420923
98,Kao,Clinical,0.631645089391568
98,Terunuma,M2EFM_Molecular,0.638279192273925
98,Terunuma,M2EFM_ExpClin,0.714661984196664
98,Terunuma,Clinical,0.659350307287094
99,TCGA_test,M2EFM_Molecular,0.703292344307814
99,TCGA_test,M2EFM_ExpClin,0.790757635858786
99,TCGA_test,Clinical,0.766164220547402
99,Kao,M2EFM_Molecular,0.700147010006165
99,Kao,M2EFM_ExpClin,0.720301607625551
99,Kao,Clinical,0.625527576231802
99,Terunuma,M2EFM_Molecular,0.649692712906058
99,Terunuma,M2EFM_ExpClin,0.704126426690079
99,Terunuma,Clinical,0.664618086040386
100,TCGA_test,M2EFM_Molecular,0.758127738067789
100,TCGA_test,M2EFM_ExpClin,0.781876873414803
100,TCGA_test,Clinical,0.731496426100992
100,Kao,M2EFM_Molecular,0.689808886991986
100,Kao,M2EFM_ExpClin,0.6941717645943
100,Kao,Clinical,0.594086403945559
100,Terunuma,M2EFM_Molecular,0.657594381035997
100,Terunuma,M2EFM_ExpClin,0.691834942932397
100,Terunuma,Clinical,0.659350307287094
